URAL ,1000
URAL ,1264
URAL ,1293
URAL ,1409
URAL ,1068
URAL ,1083
URAL ,1086
URAL ,1209
LightOJ,1001
LightOJ,1008
LightOJ,1010
LightOJ,1015
LightOJ,1022
LightOJ,1053
LightOJ,1069
LightOJ,1072
LightOJ,1107
LightOJ,1116
LightOJ,1136
LightOJ,1182
LightOJ,1202
LightOJ,1211
LightOJ,1216
LightOJ,1294
LightOJ,1305
LightOJ,1311
LightOJ,1331
LightOJ,1433
UVA,100
URAL ,1001
URAL ,1014
URAL ,1020
URAL ,1025
URAL ,1044
URAL ,1079
URAL ,1197
URAL ,1313
URAL ,1319
LightOJ,1006
LightOJ,1045
LightOJ,1109
LightOJ,1113
LightOJ,1133
LightOJ,1214
LightOJ,1225
LightOJ,1227
LightOJ,1241
LightOJ,1249
LightOJ,1261
LightOJ,1338
LightOJ,1354
LightOJ,1387
LightOJ,1414
URAL ,1005
URAL ,1082
URAL ,1149
LightOJ,1042
LightOJ,1189
UVALive,6823
UVALive,6949
UVALive,6977
UVALive,6982
UVALive,6988
UVALive,7035
UVALive,6843
UVALive,6844
UVALive,6847
UVALive,6858
UVALive,6862
UVALive,6909
UVALive,6918
UVALive,6921
UVALive,6929
UVALive,6962
UVALive,6966
UVALive,6969
UVALive,6984
UVALive,6994
UVALive,7024
UVALive,7031
UVALive,7032
UVALive,7034
UVALive,7040
UVALive,7045
UVALive,7083
UVALive,7147
UVALive,7163
UVALive,7169
UVALive,6825
UVALive,6831
UVALive,6916
UVALive,6919
UVALive,6964
UVALive,6974
UVALive,6985
UVALive,6987
UVALive,7048
UVALive,7060
UVALive,7062
UVALive,7051
UVALive,6983
UVALive,6802
UVALive,6809
UVALive,6836
UVALive,6884
UVALive,6906
UVALive,6912
UVALive,6948
UVALive,6954
UVALive,6973
UVALive,6990
UVALive,6998
UVALive,7000
UVALive,7014
UVALive,7047
UVALive,7058
UVALive,7086
UVALive,6850
UVALive,6999
UVALive,7002
UVALive,7006
UVALive,7009
UVALive,7053
UVALive,6986
UVALive,7025
UVALive,6830
UVALive,6838
UVALive,6857
UVALive,6860
UVALive,6898
UVALive,6900
UVALive,6936
UVALive,7057
UVALive,6946
UVALive,6789
UVALive,6828
UVALive,6829
UVALive,6855
UVALive,6940
UVALive,6957
UVALive,7027
UVALive,7028
UVALive,6979
UVALive,6782
UVALive,6783
UVALive,6787
UVALive,6801
UVALive,6834
UVALive,6848
UVALive,6853
UVALive,6861
UVALive,6892
UVALive,6896
UVALive,6904
UVALive,6908
UVALive,6952
UVALive,6972
UVALive,6980
UVALive,6991
UVALive,6993
UVALive,6997
UVALive,7023
UVALive,7029
UVALive,7030
UVALive,7050
UVALive,7065
UVALive,7143
UVALive,7165
UVALive,6822
UVALive,6824
UVALive,6840
UVALive,6905
UVALive,6914
UVALive,6923
UVALive,6927
UVALive,6931
UVALive,6932
UVALive,6937
UVALive,6938
UVALive,6961
UVALive,7003
UVALive,7005
UVALive,7055
UVALive,7061
UVALive,7063
UVALive,7078
UVALive,7172
UVALive,7046
UVALive,7167
UVA,10653
UVA,10651
UVALive,6788
UVALive,6790
UVALive,6800
UVALive,6807
UVALive,6811
UVALive,6827
UVALive,6837
UVALive,6851
UVALive,6885
UVALive,6887
UVALive,6897
UVALive,6930
UVALive,6992
UVALive,6995
UVALive,6996
UVALive,7001
UVALive,7008
UVALive,7015
UVALive,7026
UVALive,7043
UVALive,7079
UVALive,7081
UVALive,6888
UVALive,6891
UVALive,6894
UVALive,6910
UVALive,6920
UVALive,6941
UVALive,6953
UVALive,6970
UVALive,6981
UVALive,7016
UVALive,7018
UVALive,7021
UVALive,7037
UVALive,7042
UVALive,7052
UVALive,7168
UVALive,6894
UVALive,6920
LightOJ,1008
UVALive,6821
UVALive,6899
UVALive,6934
UVALive,6959
UVALive,6960
UVALive,7012
UVALive,7013
UVALive,7054
UVALive,6786
UVALive,6832
UVALive,6833
UVALive,6852
UVALive,6854
UVALive,6863
UVALive,6895
UVALive,6901
UVALive,6903
UVALive,6907
UVALive,6911
UVALive,6915
UVALive,6917
UVALive,6924
UVALive,6935
UVALive,6939
UVALive,6944
UVALive,6947
UVALive,6963
UVALive,6965
UVALive,6968
UVALive,7049
UVALive,7068
UVALive,7073
UVALive,7077
UVALive,7084
UVALive,7139
UVALive,7146
UVALive,7164
UVALive,7170
UVALive,7171
UVALive,6804
UVALive,6810
UVALive,6849
UVALive,6864
UVALive,6889
UVALive,6902
UVALive,6922
UVALive,6926
UVALive,6943
UVALive,6945
UVALive,6958
UVALive,7019
UVALive,7059
UVALive,7064
UVALive,6842
UVALive,6928
UVALive,6784
UVALive,6835
UVALive,6839
UVALive,6859
UVALive,6890
UVALive,6925
UVALive,6942
UVALive,6955
UVALive,6967
UVALive,6989
UVALive,7004
UVALive,7020
UVALive,7066
UVALive,7166
UVALive,6826
UVALive,6845
UVALive,6846
UVALive,6951
UVALive,6956
UVALive,7069
UVALive,7070
UVALive,7072
UVALive,6785
UVALive,6841
UVALive,6950
UVALive,7022
UVALive,6805
UVALive,6976
UVALive,7017
UVALive,7033
UVALive,6806
UVALive,6808
UVALive,6856
UVALive,6893
UVALive,7041
UVALive,7071
UVALive,6933
